service_id,kind,state,source_role,target_role,runtime,run_as,data_paths,config_source,secret_source,entrypoint,writer_state,dependencies,backup_and_restore,schedule_owner,schedule,freeze_action,resume_action,acceptance,decision
example-web,systemd_service,not_observed,source-live,candidate-isolated,填写版本与CPU架构,example-app,/srv/example-app/uploads,项目内受控service与应用配置,填写私密凭据位置引用但不填值,https://app.example.com,not_observed,example-db;example-tunnel,填写数据库与附件同一冻结窗口的恢复证据,service owner,长期运行;开机启动状态待查,填写只读维护模式和停止在途写入办法,填写仅在唯一writer决策后恢复办法,真实客户端登录读取和合成写入读回,待决定
example-db,postgresql,not_observed,source-live,candidate-isolated,填写源server和dump工具及目标major版本,填写database owner,填写实际data directory与逻辑数据库名,受控数据库配置,填写认证配置位置引用,应用私有数据库连接,not_observed,example-web;example-worker,先独立库restore演练;记录角色extensions与关联附件检查,数据库维护owner,应用事务持续写入,暂停全部应用writer并等待在途事务,确认唯一数据权威后按应用角色恢复,关键记录schema权限附件与恢复时间,待决定
example-worker,docker_container,not_observed,source-live,candidate-isolated,填写镜像版本和目标架构,填写容器用户与宿主映射,填写named volume或bind mount,受控Compose文件,填写secret file引用,私有queue endpoint,not_observed,example-db;queue,队列快照或可重放与去重规则,容器owner,填写restart policy和外部scheduler,停止consumer并记录队列消费边界,按去重规则恢复且只在一侧运行,合成任务只处理一次且结果可读,待决定
example-sync,systemd_timer,not_observed,source-live,candidate-isolated,填写timer及service名称,example-app,填写同步目标与checkpoint路径,受控timer和service,填写凭据位置引用,第三方API或内部同步目标,not_observed,example-db,保留已确认checkpoint并检查可重放行为,timer owner,填写OnCalendar时区和Persistent行为,分别暂停timer及已启动service,按原schedule与补跑规则启用一侧,一次调度完成且无重复副作用,待决定
example-export,cron_job,not_observed,source-live,candidate-isolated,填写脚本与解释器版本,填写crontab所属用户,填写导出输出目录,填写精确cron文件或用户crontab,填写凭据位置引用,填写导出接收端,not_observed,example-db,填写导出可重建或必须保留的数据,cron owner,填写完整schedule和时区,仅暂停本任务并保留原条目,仅在目标确认后恢复本条目,一次导出完整且未重复发送,待决定
example-tunnel,cloudflared_connector,not_observed,source-live,candidate-isolated,填写cloudflared版本及managed类型,填写service用户,无应用数据;凭据另管,填写受控ingress或远程配置引用,填写tunnel凭据位置引用不填token,app.example.com,not_applicable,example-web;Access policy,保留旧路由值和凭据恢复途径,tunnel owner,填写service与自动重启行为,按选定独立tunnel或停止旧connector策略切换,确认不会同时向未准备候选路由再启动,实际hostname认证允许和拒绝路径均正确,待决定
example-backup,backup_job,not_observed,source-live,candidate-isolated,填写备份工具版本,填写备份用户,填写私有备份目标引用,受控备份脚本及schedule,填写密钥恢复途径引用,独立备份存储,not_observed,example-db;uploads;restore target,必须记录一次独立restore业务验收,backup owner,填写timer或cron与保留周期,防止双侧job互删或覆盖共享备份,目标完成一次备份且恢复验证后交接,副本存在和恢复成功分别举证,待决定
example-certificate,certificate_renewal,not_observed,source-live,candidate-isolated,填写Certbot或平台托管机制,填写续期执行用户,填写证书及renewal配置引用,受控renewal配置和hooks,填写DNS API或ACME凭据引用,app.example.com TLS,not_applicable,challenge route;DNS;reverse proxy,当前证书与续期方法均可恢复,certificate owner,填写实际timer或cron或平台owner,观察期保留仍服务端的有效续期责任,批准后验证challenge与reload再交接,有效TLS和renewal演练分开验收,待决定
example-dns,dns_records,not_observed,source-live,candidate-isolated,填写DNS提供商与proxy模式,zone owner,无本地应用数据,权威zone变更记录,填写账号授权引用不填token,A;AAAA;CNAME for app.example.com,not_applicable,origin或tunnel,保留原值TTL与变更read-back,DNS owner,按计划切换;缓存窗口待查,填写切换前记录与变更窗口,根据数据回滚边界恢复入口,权威记录和实际resolver均核对;不遗留旧AAAA,待决定
example-mesh,mesh_endpoint,not_observed,source-live,candidate-isolated,填写mesh客户端版本,device owner,节点身份留各自机器不复制,填写tags政策routes配置引用,节点独立注册且state不入Git,填写客户端使用的节点名和端口,not_applicable,应用端口;grants或ACL,保留独立注册及策略恢复方法,mesh owner,填写key expiry与route owner,确认旧客户端依赖后才退节点或route,新独立节点获准后更新实际客户端,mesh可达与业务可用分别验证,待决定
example-client,client_configuration,not_observed,client-device,client-device,填写浏览器或原生客户端类别,client owner,填写需保留的本地配置,客户端配置或环境设置,凭据留客户端受控存储,app.example.com或固定IP或mesh endpoint,not_observed,example-web;DNS;mesh,保留旧配置副本但不回退到过时数据,client owner,人工交接或受控配置发布,暂停会写旧地址的客户端,更新入口且唯一writer确认后恢复,实际设备完成授权业务流程,待决定
